{
    "versionNumber": 1,
    "mainWeight": 1.0,
    "eyesWeight": 1.0,
    "eyelidsWeight": 1.0,
    "headControl": 1,
    "headAnimationType": 0,
    "updateType": 0,
    "headBonePath": "",
    "neckBonePath": "",
    "spineBonePath": "",
    "headChangeToNewTargetSpeed": 1.0,
    "headTrackTargetSpeed": 1.0,
    "headWeight": 0.8500000238418579,
    "bodyWeight": 0.10000000149011612,
    "neckHorizWeight": 0.5,
    "neckVertWeight": 0.5,
    "resetHeadAtFrameStart": false,
    "useMicroSaccades": true,
    "useMacroSaccades": true,
    "useHeadJitter": true,
    "headJitterFrequency": 0.20000000298023225,
    "headJitterAmplitude": 1.0,
    "kDrawSightlinesInEditor": true,
    "controlData": {
        "eyeWidenOrSquint": 0.0,
        "eyeControl": 1,
        "eyelidBoneMode": 1,
        "leftEyePath": "eye.L",
        "rightEyePath": "eye.R",
        "maxEyeUpBoneAngle": 20.0,
        "maxEyeDownBoneAngle": 20.0,
        "maxEyeUpEyeballAngle": 20.0,
        "maxEyeDownEyeballAngle": 20.0,
        "isEyeBallDefaultSet": false,
        "isEyeBoneDefaultSet": true,
        "isEyeBallLookUpSet": false,
        "isEyeBoneLookUpSet": true,
        "isEyeBallLookDownSet": false,
        "isEyeBoneLookDownSet": true,
        "isEyeBallLookLeftSet": false,
        "isEyeBoneLookLeftSet": false,
        "isEyeBallLookRightSet": false,
        "isEyeBoneLookRightSet": false,
        "leftBoneEyeRotationLimiter": {
            "transformPath": "eye.L",
            "defaultQ": {
                "x": -0.006618438754230738,
                "y": 0.6648701429367065,
                "z": 0.7468375563621521,
                "w": 0.011728850193321705
            },
            "lookUpQ": {
                "x": -0.008350868709385395,
                "y": 0.7722607851028442,
                "z": 0.6351630091667175,
                "w": 0.010565641336143017
            },
            "lookDownQ": {
                "x": -0.007808883674442768,
                "y": 0.5831025838851929,
                "z": 0.8122869729995728,
                "w": 0.010972259566187859
            },
            "lookLeftQ": {
                "x": 0.18690286576747895,
                "y": 0.6391795873641968,
                "z": 0.7231026291847229,
                "w": 0.18341025710105897
            },
            "lookRightQ": {
                "x": -0.19968870282173158,
                "y": 0.6452508568763733,
                "z": 0.719676673412323,
                "w": -0.1607518494129181
            },
            "isLookUpSet": true,
            "isLookDownSet": true,
            "isLookLeftSet": false,
            "isLookRightSet": false
        },
        "rightBoneEyeRotationLimiter": {
            "transformPath": "eye.R",
            "defaultQ": {
                "x": 0.006618438754230738,
                "y": 0.6648701429367065,
                "z": 0.7468375563621521,
                "w": -0.011728850193321705
            },
            "lookUpQ": {
                "x": 0.008350878022611142,
                "y": 0.7722610831260681,
                "z": 0.6351625323295593,
                "w": -0.010565639473497868
            },
            "lookDownQ": {
                "x": 0.007809084840118885,
                "y": 0.5831024050712586,
                "z": 0.8122870326042175,
                "w": -0.010972163639962674
            },
            "lookLeftQ": {
                "x": 0.19968870282173158,
                "y": 0.6452508568763733,
                "z": 0.719676673412323,
                "w": 0.1607518494129181
            },
            "lookRightQ": {
                "x": -0.18690286576747895,
                "y": 0.6391795873641968,
                "z": 0.7231026291847229,
                "w": -0.18341025710105897
            },
            "isLookUpSet": true,
            "isLookDownSet": true,
            "isLookLeftSet": false,
            "isLookRightSet": false
        },
        "leftEyeballEyeRotationLimiter": {
            "transformPath": "",
            "defaultQ": {
                "x": 0.0,
                "y": 0.0,
                "z": 0.0,
                "w": 0.0
            },
            "lookUpQ": {
                "x": 0.0,
                "y": 0.0,
                "z": 0.0,
                "w": 0.0
            },
            "lookDownQ": {
                "x": 0.0,
                "y": 0.0,
                "z": 0.0,
                "w": 0.0
            },
            "lookLeftQ": {
                "x": 0.0,
                "y": 0.0,
                "z": 0.0,
                "w": 0.0
            },
            "lookRightQ": {
                "x": 0.0,
                "y": 0.0,
                "z": 0.0,
                "w": 0.0
            },
            "isLookUpSet": false,
            "isLookDownSet": false,
            "isLookLeftSet": false,
            "isLookRightSet": false
        },
        "rightEyeballEyeRotationLimiter": {
            "transformPath": "",
            "defaultQ": {
                "x": 0.0,
                "y": 0.0,
                "z": 0.0,
                "w": 0.0
            },
            "lookUpQ": {
                "x": 0.0,
                "y": 0.0,
                "z": 0.0,
                "w": 0.0
            },
            "lookDownQ": {
                "x": 0.0,
                "y": 0.0,
                "z": 0.0,
                "w": 0.0
            },
            "lookLeftQ": {
                "x": 0.0,
                "y": 0.0,
                "z": 0.0,
                "w": 0.0
            },
            "lookRightQ": {
                "x": 0.0,
                "y": 0.0,
                "z": 0.0,
                "w": 0.0
            },
            "isLookUpSet": false,
            "isLookDownSet": false,
            "isLookLeftSet": false,
            "isLookRightSet": false
        },
        "eyelidControl": 1,
        "upperLeftEyelidBonePaths": [
            "uplid.L"
        ],
        "upperRightEyelidBonePaths": [
            "uplid.R"
        ],
        "lowerLeftEyelidBonePaths": [
            "lolid.L"
        ],
        "lowerRightEyelidBonePaths": [
            "lolid.R"
        ],
        "isEyelidBonesDefaultSet": true,
        "isEyelidBonesClosedSet": true,
        "isEyelidBonesLookUpSet": true,
        "isEyelidBonesLookDownSet": true,
        "upperLeftLimiters": [
            {
                "transformPath": "uplid.L",
                "defaultQ": {
                    "x": -0.004843385890126228,
                    "y": 0.768067479133606,
                    "z": 0.6402260065078735,
                    "w": 0.012630324810743332
                },
                "closedQ": {
                    "x": 0.007546877488493919,
                    "y": 0.6057956218719482,
                    "z": 0.79526287317276,
                    "w": 0.02262146770954132
                },
                "lookUpQ": {
                    "x": -0.006360420025885105,
                    "y": 0.8409956097602844,
                    "z": 0.5408728718757629,
                    "w": 0.011938583105802536
                },
                "lookDownQ": {
                    "x": -0.006128967273980379,
                    "y": 0.697419285774231,
                    "z": 0.7165356278419495,
                    "w": 0.012058943510055542
                },
                "eyeMaxDownAngle": 12.0084228515625,
                "eyeMaxUpAngle": 17.767099380493165,
                "defaultPos": {
                    "x": -0.029312513768672944,
                    "y": 0.03859619051218033,
                    "z": 0.08356213569641113
                },
                "closedPos": {
                    "x": -0.29312512278556826,
                    "y": 0.3859618902206421,