{"cameraMode":{"drawMode":0,"name":"Shaded","section":"Shading Mode"},"sceneLighting":true,"audioPlay":false,"sceneViewState":{"showFog":true,"showMaterialUpdate":false,"showSkybox":true,"showFlares":true,"showImageEffects":true,"showParticleSystems":true},"in2DMode":false,"pivot":{"x":10.604406356811524,"y":11.60439395904541,"z":90.0},"rotation":{"x":0.08647762984037399,"y":-0.09697742760181427,"z":0.008458384312689305,"w":0.9914865493774414},"size":95.15426635742188,"orthographic":false}